x	LogSet 	parseJson_Med	ulf_Med	
1	{E_1}	0.3409079075	0.4907620907
2	{E_2}	0.3094172478	0.3648514748
3	{E_3}	0.2426363468	0.3384759426
