x	LogSet 	Apache_match_Med	Apache_upg_Med	
1	{E_1}	0.05720598698	27.74365618
2	{E_2}	0.05769519806	20.88724117
3	{E_3}	0.05739257336	18.45936894
