x	LogSet 	upg_Med		upg_stddev
1	{E_1}	229.7015625	1.051792178
2	{E_2}	229.1773437	0.1819574886
3	{E_3}	228.7101563	0.1819574886
