x	LogSet 	ulf_Med		ulf_stddev
1	{E_1}	212.7609365	2.66049554
2	{E_2}	209.325		0.461875055
3	{E_3}	209.5703125	0.1367466489
