LookAheadLevel	GenTime(Mean)	GenTime(SD)
5		104.0404	0.2809167
10		84.15225	0.51735	
15		59.0964		0.141688
20		50.5302		0.1612125
