x	LogFile 	BT_{th}=2	BT_{th}=3	BT_{th}=4	BT_{th}=5
1	Magick		31.03132405	31.1295002	30.91499276	30.96120071
2	MySql		892.0802703	927.2735977	958.0681628	1013.77078	
3	PHP-FPM		26.83132405	28.5295002	30.91498456	31.16120071
4	Apache2		200.2464461	256.2542433	268.1537193	265.9876441
5	OpenVPN		381.19609	408.87787	415.62038	414.38156
6	Wget		144.4957882	168.0520442	181.56358	195.0221898
7	DynamoDB		20.1019815	25.49748825	25.35736845	22.57118824	