name,age,angle [i.e. B_i*360/SUM(B:B)]
raju,23,48.9940828402367
anju,34,72.4260355029586
manju,56,119.289940828402
sanju,56,119.289940828402
